Workbook

Sheet Assessment Details
A1: BANK ALFAQ DIGITAL — ASSET-BASED RISK ASSESSMENT & TREATMENT REGISTER
A3: Document Classification | B3: Internal
A4: ISO/IEC 27001:2022 References | B4: Bank Alafaq Digital Information Security Risk Assessment and Treatment
A5: Assessment Title | B5: Digital banking services, core banking systems, customer information, employee information, data centres, branches, ATMs, international banking operations and AWS environments used for non-critical development, testing and analytics.
A6: Scope | B6: Bank Alafaq Digital environment implementing ISO/IEC 27001; focus on customer information, digital banking, core systems, employee information, physical banking estate and AWS services, with increasing external cyber threats and cloud-partner security uncertainty.
A7: Context | B7: Bank Alafaq Digital environment; customer trust, applicable Saudi legal/regulatory obligations and cyber threats including ransomware, phishing, DDoS, supply-chain and insider threats.
A8: Method | B8: 5×5 likelihood-impact model. Risk Score = Likelihood × Impact.
A9: Risk Appetite | B9: 14 September 2026
A10: Assessment Date | B10: 14 September 2026
A11: Version | B11: Version 1
A12: Lead Risk Assessor | B12: Information Security Management
A13: Assistant Risk Assessor | B13: Relevant business, IT, compliance, legal and service owners within Bank Alafaq Digital.
A14: Consulted | B14: Top Management – Bank Alafaq Digital
... A17: Important Assumption | B17: Residual risk values are projected and must not be treated as accepted until treatment implementation is evidenced and validated.

Sheet Risk Assessment
A1: BANK ALFAQ DIGITAL — ASSET-BASED RISK ASSESSMENT AND TREATMENT REGISTER
A3: Ref | B3: Asset Group | C3: Primary Asset Inventory Ref(s) | D3: Asset / Process | E3: Threat / Risk Event | F3: Vulnerability / Control Gap | G3: Risk Type | H3: Risk Owner | I3: Existing Controls | J3: Likelihood (1-5) | K3: Likelihood Rationale | L3: Impact (1-5) | M3: Impact Rationale | N3: Current Risk Score | O3: Current Risk Level | P3: Treatment Option | Q3: Proposed Treatment Action | R3: Annex A / Control Reference | S3: Planning Cost Estimate (SAR) | T3: Treatment Action Owner | U3: Target Date | V3: Progress | W3: Treatment Status | X3: Residual Likelihood (1-5) | Y3: Residual Likelihood Rationale | Z3: Residual Impact (1-5) | AA3: Residual Impact Rationale | AB3: Residual Risk Score | AC3: Residual Risk Level | AD3: Evidence / Source Basis | AE3: Comments
A4: R-001 | B4: Information Systems | C4: معلومات العملاء | D4: معلومات العملاء | E4: التصيد والبرمجيات الخبيثة والوصول غير المصرح | F4: تزايد التهديدات السيبرانية وثغرات تطبيقات الخدمات المصرفية الرقمية | G4: Confidentiality, Integrity and Availability | H4: إدارة أمن المعلومات | I4: بوابة البريد الآمن، نظام كشف الاحتيال، إدارة الهوية والوصول، المراقبة الأمنية والاستجابة للحوادث | J4: 4 | K4: استهدفت هجمات التصيد موظفي الإدارة المالية، كما حددت الدراسة تهديدات الفدية وحجب الخدمة وسلسلة التوريد والتهديدات الداخلية | L4: 5 | M4: خسائر مالية وتسريب بيانات وعقوبات تنظيمية وضرر بسمعة البنك | N4: =J4*L4 | O4: =IF(N4>=16,"Critical",IF(N4>=11,"High",IF(N4>=5,"Medium","Low"))) | P4: Modify | Q4: تعزيز التوعية، التحقق من التحويلات، المصادقة متعددة العوامل، تحليل معلومات التهديدات ومراجعة الصلاحيات | R4: A.5.10, A.5.15, A.5.16, A.5.17, A.8.5, A.8.15 | S4: 150000 | T4: إدارة أمن المعلومات | U4: أثناء تطبيق نظام إدارة أمن المعلومات | V4: 0% | W4: Open | X4: 2 | Y4: الضوابط المقترحة تقلل احتمال الحدوث مع بقاء أثر الحادث مرتفعاً | Z4: 5 | AA4: قد يبقى الأثر المالي والتنظيمي والسمعة مرتفعاً عند تحقق الاختراق | AB4: =X4*Z4 | AC4: =IF(AB4>=16,"Critical",IF(AB4>=11,"High",IF(AB4>=5,"Medium","Low"))) | AD4: خطر مستند إلى هجمات التصيد وبيانات العملاء الواردة في دراسة بنك الآفاق | AE4: Treatment evidence should be collected and reviewed before residual-risk acceptance.
A5: R-002 | B5: Core technology | C5: Asset Inventory Ref 2 — Core banking systems / data centres | D5: Core banking, VMware, storage and backups | E5: Ransomware | F5: Broad enterprise exposure and recoverability not fully evidenced | G5: Confidentiality, Integrity, Availability | H5: IT / Infrastructure Management | I5: Trend Micro endpoint; Veritas NetBackup; DR replication | J5: 4 | K5: Ransomware is common and control testing is incomplete. | L5: 5 | M5: Systemic service and transaction disruption could exceed 24 hours. | N5: =J5*L5 | O5: =IF(N5>=16,"Critical",IF(N5>=11,"High",IF(N5>=5,"Medium","Low"))) | P5: Mitigate | Q5: Deploy EDR, segmentation, immutable/offline copies and restore exercises | R5: A.8.7; A.8.13; A.8.14; A.8.22; A.5.24 | S5: 1800000 | T5: Infrastructure Manager | U5: 31-Jan-2027 | V5: 0 | W5: Planned | X5: 2 | Y5: EDR, isolation and tested immutable copies reduce probability. | Z5: 5 | AA5: Residual consequence remains severe for core-banking compromise. | AB5: =X5*Z5 | AC5: =IF(AB5>=16,"Critical",IF(AB5>=11,"High",IF(AB5>=5,"Medium","Low"))) | AD5: Case study threat environment + backup/DR infrastructure; ransomware identified as a major banking threat. | AE5: Quarterly restore and annual failover evidence required.
A6: R-003 | B6: Digital channels | C6: Asset Inventory Ref 3 — Digital banking services | D6: Afaq Plus and Afaq Net | E6: Distributed denial of service | F6: Insufficient upstream scrubbing and single-provider dependency | G6: Availability | H6: Network Management | I6: Palo Alto HA firewalls; FortiWeb WAF; STC internet | J6: 4 | K6: Public banking channels are continuously exposed. | L6: 4 | M6: Customers cannot transact; complaints and regulatory concern likely. | N6: =J6*L6 | O6: =IF(N6>=16,"Critical",IF(N6>=11,"High",IF(N6>=5,"Medium","Low"))) | P6: Mitigate / Transfer | Q6: Contract DDoS scrubbing, alternate connectivity, rate limits and runbook | R6: A.8.14; A.8.20; A.8.21 | S6: 900000 | T6: Network Manager | U6: 31-Dec-2026 | V6: 0 | W6: Planned | X6: 2 | Y6: Provider scrubbing and tested failover reduce disruption likelihood. | Z6: 4 | AA6: A successful large attack can still cause major interruption. | AB6: =X6*Z6 | AC6: =IF(AB6>=16,"Critical",IF(AB6>=11,"High",IF(AB6>=5,"Medium","Low"))) | AD6: Case study external threat environment: DDoS risk to customer-facing digital banking services. | AE6: Include supplier escalation and communications exercise.
A7: R-004 | B7: Network security | C7: Asset Inventory Ref 4 — Network / security infrastructure | D7: Palo Alto firewall estate | E7: Erroneous or unauthorized rule change | F7: No dual review, rollback validation or automated drift monitoring | G7: Integrity, Availability | H7: Network Management | I7: HA pair; Jira Service Management; configuration backups | J7: 4 | K7: A prior deletion caused a three-hour outage. | L7: 5 | M7: Critical banking services and customers may be broadly affected. | N7: =J7*L7 | O7: =IF(N7>=16,"Critical",IF(N7>=11,"High",IF(N7>=5,"Medium","Low"))) | P7: Mitigate | Q7: Require dual approval, tested rollback, config backup and drift alerts | R7: A.8.9; A.8.16; A.8.32 | S7: 250000 | T7: Network Manager | U7: 31-Oct-2026 | V7: 0 | W7: Planned | X7: 2 | Y7: Independent review and monitoring reduce recurrence. | Z7: 4 | AA7: A complex change may still cause a major outage. | AB7: =X7*Z7 | AC7: =IF(AB7>=16,"Critical",IF(AB7>=11,"High",IF(AB7>=5,"Medium","Low"))) | AD7: Case study incident: firewall rule change caused a 3-hour digital-banking outage. | AE7: No emergency change may bypass retrospective review.
A8: R-005 | B8: Business process | C8: Asset Inventory Ref 5 — Payment and business processes | D8: Finance payment process | E8: Phishing / business email compromise | F8: High click/credential rates and slow alert review | G8: Confidentiality, Integrity | H8: Finance / Business Process Owner | I8: Cisco Email Security; fraud detection; some MFA | J8: 4 | K8: Simulation and attempted SAR 150,000 transfer show active exposure. | L8: 5 | M8: Fraud, disclosure and regulatory/reputational consequences. | N8: =J8*L8 | O8: =IF(N8>=16,"Critical",IF(N8>=11,"High",IF(N8>=5,"Medium","Low"))) | P8: Mitigate | Q8: Phishing-resistant MFA, call-back verification, one-click reporting and training | R8: A.6.3; A.8.5; A.8.7; A.5.24 | S8: 500000 | T8: Finance Director | U8: 31-Dec-2026 | V8: 0 | W8: Planned | X8: 2 | Y8: MFA and independent payment verification lower success. | Z8: 4 | AA8: A sophisticated compromise could still cause major loss. | AB8: =X8*Z8 | AC8: =IF(AB8>=16,"Critical",IF(AB8>=11,"High",IF(AB8>=5,"Medium","Low"))) | AD8: Case study incident: phishing/BEC attempted SAR 150,000 fraudulent transfer. | AE8: Marketing and Finance receive monthly targeted exercises.
A9: R-006 | B9: Endpoints | C9: Asset Inventory Ref 6 — Employee devices | D9: Laptops and bank mobile devices | E9: Loss or theft | F9: Incomplete full-disk encryption, MDM and delayed reporting | G9: Confidentiality | H9: IT Support / Endpoint Management | I9: Endpoint antivirus; Active Directory; device inventory | J9: 4 | K9: A marketing laptop was lost unencrypted and reported after 48h. | L9: 5 | M9: Customer campaign data exposure and regulator/customer notification. | N9: =J9*L9 | O9: =IF(N9>=16,"Critical",IF(N9>=11,"High",IF(N9>=5,"Medium","Low"))) | P9: Mitigate | Q9: Enforce FDE, MDM, remote wipe and four-hour reporting | R9: A.8.1; A.8.24; A.6.8 | S9: 1100000 | T9: IT Support Manager | U9: 30-Nov-2026 | V9: 0 | W9: Planned | X9: 2 | Y9: Encryption and remote controls reduce disclosure probability. | Z9: 4 | AA9: Loss of an unlocked/compromised device remains major. | AB9: =X9*Z9 | AC9: =IF(AB9>=16,"Critical",IF(AB9>=11,"High",IF(AB9>=5,"Medium","Low"))) | AD9: Case study incident: lost marketing laptop contained customer data and was not encrypted. | AE9: 100% inventory reconciliation and encryption evidence.
A10: R-007 | B10: People and access | C10: Asset Inventory Ref 7 — Employee information / file services | D10: HR shares and enterprise file services | E10: Unauthorized access by excessive privileges | F10: Inherited access and no complete periodic recertification | G10: Confidentiality | H10: HR / Information Systems Owner | I10: Active Directory groups; manager requests | J10: 4 | K10: Excess access existed for an unknown period. | L10: 4 | M10: Sensitive employee data could be viewed or altered. | N10: =J10*L10 | O10: =IF(N10>=16,"Critical",IF(N10>=11,"High",IF(N10>=5,"Medium","Low"))) | P10: Mitigate | Q10: RBAC cleanup and quarterly owner recertification | R10: A.5.15; A.5.16; A.5.18; A.8.3 | S10: 200000 | T10: Identity and Access Manager | U10: 31-Dec-2026 | V10: 0 | W10: Planned | X10: 2 | Y10: Owner recertification reduces persistent excess access. | Z10: 4 | AA10: Mis-provisioning can still have major employee privacy impact. | AB10: =X10*Z10 | AC10: =IF(AB10>=16,"Critical",IF(AB10>=11,"High",IF(AB10>=5,"Medium","Low"))) | AD10: Case study incident: IT staff retained inappropriate access to HR files; periodic review gap. | AE10: First HR recertification is an audit evidence priority.
A11: R-008 | B11: Identity | C11: Asset Inventory Ref 8 — Privileged identities | D11: Privileged accounts | E11: Credential compromise or misuse | F11: No PAM; passwords are manually administered and may be shared | G11: Confidentiality, Integrity, Availability | H11: Information Security Management | I11: RSA SecurID for some sensitive remote access; AD policies | J11: 4 | K11: High privilege and weak custody make compromise likely. | L11: 5 | M11: An administrator can alter systems, data, logs and security controls. | N11: =J11*L11 | O11: =IF(N11>=16,"Critical",IF(N11>=11,"High",IF(N11>=5,"Medium","Low"))) | P11: Mitigate | Q11: PAM vault, named accounts, MFA, session recording and JIT access | R11: A.5.17; A.8.2; A.8.5; A.8.15 | S11: 1600000 | T11: Information Security Management / IT Management | U11: 28-Feb-2027 | V11: 0 | W11: Planned | X11: 2 | Y11: PAM/MFA/JIT substantially reduce credential misuse. | Z11: 5 | AA11: Residual privileged compromise could remain severe. | AB11: =X11*Z11 | AC11: =IF(AB11>=16,"Critical",IF(AB11>=11,"High",IF(AB11>=5,"Medium","Low"))) | AD11: Case study: no PAM; privileged passwords administered manually / sharing risk. | AE11: CEO visibility until coverage reaches 95%.
A12: R-009 | B12: Digital certificates | C12: Asset Inventory Ref 9 — Digital certificates | D12: Public web and API TLS certificates | E12: Certificate expiry | F12: Manual inventory and renewal monitoring | G12: Availability, Confidentiality | H12: Infrastructure Management | I12: Vendor certificates; manual calendar reminders | J12: 3 | K12: A certificate expired for four hours six months ago. | L12: 4 | M12: Digital service trust and availability are materially affected. | N12: =J12*L12 | O12: =IF(N12>=16,"Critical",IF(N12>=11,"High",IF(N12>=5,"Medium","Low"))) | P12: Mitigate | Q12: Central inventory, 60/30/14/7-day alerts and auto-renewal | R12: A.8.9; A.8.16; A.8.21; A.8.24 | S12: 120000 | T12: Infrastructure Manager | U12: 31-Oct-2026 | V12: 0 | W12: Planned | X12: 1 | Y12: Automated ownership and alerts make recurrence rare. | Z12: 4 | AA12: Impact remains major if renewal still fails. | AB12: =X12*Z12 | AC12: =IF(AB12>=16,"Critical",IF(AB12>=11,"High",IF(AB12>=5,"Medium","Low"))) | AD12: Case study incident: SSL/TLS certificate expired and services were affected for about 4 hours. | AE12: Disable TLS 1.0/1.1 in the same change programme.
A13: R-010 | B13: Vulnerability management | C13: Asset Inventory Ref 10 — Core systems / applications / network devices | D13: Servers, applications and network devices | E13: Exploitation of unpatched vulnerability | F13: Quarterly scanning and incomplete remediation SLA enforcement | G13: Confidentiality, Integrity, Availability | H13: IT / Vulnerability Management | I13: Qualys external scans; Jira; vendor patching | J13: 5 | K13: Known High issues remain open and threat activity is continuous. | L13: 5 | M13: Exploitation may compromise regulated data and critical services. | N13: =J13*L13 | O13: =IF(N13>=16,"Critical",IF(N13>=11,"High",IF(N13>=5,"Medium","Low"))) | P13: Mitigate | Q13: Weekly scans; 72h Critical/15-day High SLA; exception board and retest | R13: A.8.8; A.8.29; A.8.32 | S13: 750000 | T13: Vulnerability Manager | U13: 30-Nov-2026 | V13: 0 | W13: Planned | X13: 2 | Y13: Faster detection, ownership and validation reduce likelihood. | Z13: 5 | AA13: A zero-day against a critical service remains severe. | AB13: =X13*Z13 | AC13: =IF(AB13>=16,"Critical",IF(AB13>=11,"High",IF(AB13>=5,"Medium","Low"))) | AD13: Case study: 3 High and 7 Medium online-banking findings; some older vulnerabilities remained unresolved. | AE13: Report aging and recurrence monthly.
A14: R-011 | B14: Monitoring | C14: Asset Inventory Ref 11 — Security logs and monitoring | D14: Logs and security devices | E14: Inaccurate event sequence | F14: Up to seven-minute clock drift and no standard NTP policy | G14: Integrity | H14: Infrastructure Management | I14: Local/device time sources; central Syslog | J14: 4 | K14: Known drift is widespread enough to affect correlation. | L14: 3 | M14: Investigation, fraud analysis and evidence reliability are impaired. | N14: =J14*L14 | O14: =IF(N14>=16,"Critical",IF(N14>=11,"High",IF(N14>=5,"Medium","Low"))) | P14: Mitigate | Q14: Redundant authenticated NTP and daily drift alerting | R14: A.8.17 | S14: 90000 | T14: Infrastructure Manager | U14: 31-Oct-2026 | V14: 0 | W14: Planned | X14: 1 | Y14: Authoritative NTP and alerting make harmful drift rare. | Z14: 3 | AA14: A time service failure still has moderate investigative impact. | AB14: =X14*Z14 | AC14: =IF(AB14>=16,"Critical",IF(AB14>=11,"High",IF(AB14>=5,"Medium","Low"))) | AD14: Case-study annex A.8.17: inconsistent time sources and up to 7-minute log difference. | AE14: Target drift below one second for critical systems.
A15: R-012 | B15: Cloud services | C15: Asset Inventory Ref 12 — AWS development / test / analytics | D15: AWS dev/test/analytics | E15: Cloud misconfiguration or credential exposure | F15: No comprehensive cloud policy, data rules, CSPM or shared model | G15: Confidentiality, Integrity | H15: Cloud Service Owner | I15: Use limited to non-critical workloads; AWS native controls | J15: 3 | K15: Cloud use is active and governance gaps are documented. | L15: 5 | M15: Credentials or copied bank information could create major breach. | N15: =J15*L15 | O15: =IF(N15>=16,"Critical",IF(N15>=11,"High",IF(N15>=5,"Medium","Low"))) | P15: Mitigate | Q15: Cloud policy, account baseline, CSPM, least privilege, encryption and exit plan | R15: A.5.23; A.8.9; A.8.24 | S15: 700000 | T15: Cloud Service Owner | U15: 31-Jan-2027 | V15: 0 | W15: Planned | X15: 2 | Y15: Guardrails and CSPM reduce misconfiguration likelihood. | Z15: 4 | AA15: Remaining scoped cloud data has major potential impact. | AB15: =X15*Z15 | AC15: =IF(AB15>=16,"Critical",IF(AB15>=11,"High",IF(AB15>=5,"Medium","Low"))) | AD15: Case-study annex A.5.23: AWS used without complete cloud-risk assessment/policy/shared-responsibility definition. | AE15: Prohibit Restricted production data unless separately approved.
A16: R-013 | B16: Suppliers | C16: Asset Inventory Ref 13 — Partner / supplier services | D16: External mobile application developer | E16: Supply-chain compromise | F16: Security due diligence, clauses, SBOM and testing not fully evidenced | G16: Confidentiality, Integrity, Availability | H16: Procurement / Supplier Management | I16: Contract; internal developers; production review | J16: 3 | K16: External code contributes to an internet-facing banking app. | L16: 5 | M16: Malicious/vulnerable code may compromise many customers. | N16: =J16*L16 | O16: =IF(N16>=16,"Critical",IF(N16>=11,"High",IF(N16>=5,"Medium","Low"))) | P16: Mitigate / Transfer | Q16: Due diligence, security clauses, SBOM, repository control and testing | R16: A.5.19; A.5.20; A.5.21; A.5.22; A.8.30 | S16: 400000 | T16: Procurement / Development | U16: 31-Jan-2027 | V16: 0 | W16: Planned | X16: 2 | Y16: Security gates and contract assurance reduce introduction risk. | Z16: 4 | AA16: Supplier compromise can still cause major impact. | AB16: =X16*Z16 | AC16: =IF(AB16>=16,"Critical",IF(AB16>=11,"High",IF(AB16>=5,"Medium","Low"))) | AD16: Case study: external mobile-application developer is a key supplier; supplier/security governance requires strengthening. | AE16: Assess ATM maintenance and STC as critical suppliers too.
... A23: R-020 | B23: Software lifecycle | C23: Asset Inventory Ref 20 — Bank software / intellectual property | D23: Bank software and open-source components | E23: Unlicensed or vulnerable software | F23: No comprehensive licence audit, SCA or bank IP standard | G23: Confidentiality, Integrity, Legal | H23: Development / IT Management | I23: GitLab Enterprise; development team; vendor contracts | J23: 3 | K23: Open-source and legacy software are used without complete evidence. | L23: 4 | M23: Security exploit, legal claim or unsupported software may disrupt service. | N23: =J23*L23 | O23: =IF(N23>=16,"Critical",IF(N23>=11,"High",IF(N23>=5,"Medium","Low"))) | P23: Mitigate | Q23: Allow-list, SCA, licence audit, IP rules and secure coding standard | R23: A.5.32; A.8.19; A.8.25; A.8.28 | S23: 450000 | T23: Development Manager | U23: 31-Jan-2027 | V23: 0 | W23: Planned | X23: 2 | Y23: Inventory and automated SCA reduce undetected exposure. | Z23: 3 | AA23: Residual legal/technical effect is moderate with controls. | AB23: =X23*Z23 | AC23: =IF(AB23>=16,"Critical",IF(AB23>=11,"High",IF(AB23>=5,"Medium","Low"))) | AD23: Case-study annex A.5.32: software/IP-rights and licence-management policy is unclear. | AE23: Track SBOMs and licence obligations per release.

Sheet Summary
A1: BANK ALFAQ DIGITAL — RISK PORTFOLIO SUMMARY
A3: Risk Level | B3: Current Count | C3: Projected Residual Count | D3: Management Position | F3: KPI | G3: Value
A4: Critical | B4: =COUNTIF('Risk Assessment'!$O$4:$O$23,A4) | C4: =COUNTIF('Risk Assessment'!$AC$4:$AC$23,A4) | D4: Immediate treatment and executive visibility. | F4: Total Risks | G4: =COUNTA('Risk Assessment'!$A$4:$A$23)
A5: High | B5: =COUNTIF('Risk Assessment'!$O$4:$O$23,A5) | C5: =COUNTIF('Risk Assessment'!$AC$4:$AC$23,A5) | D5: Treatment required and formal governance oversight. | F5: Current Critical + High | G5: =B4+B5
A6: Medium | B6: =COUNTIF('Risk Assessment'!$O$4:$O$23,A6) | C6: =COUNTIF('Risk Assessment'!$AC$4:$AC$23,A6) | D6: Treatment plan / approval and quarterly monitoring. | F6: Projected Residual Critical + High | G6: =C4+C5
A7: Low | B7: =COUNTIF('Risk Assessment'!$O$4:$O$23,A7) | C7: =COUNTIF('Risk Assessment'!$AC$4:$AC$23,A7) | D7: May be accepted with documented rationale and monitoring. | F7: Treatments Planned | G7: =COUNTIF('Risk Assessment'!$W$4:$W$23,"Planned")
B8: 14 September 2026 | F8: Total Planning Cost (SAR) | G8: =SUM('Risk Assessment'!$S$4:$S$23)
F9: Assessment Date | G9: 14 September 2026
A11: 5×5 RISK MATRIX — SCORE / LEVEL
A12: 5 | B12: 5 Medium | C12: 10 Medium | D12: 15 High | E12: 20 Critical | F12: 25 Critical
A13: 4 | B13: 4 Low | C13: 8 Medium | D13: 12 High | E13: 16 Critical | F13: 20 Critical
A14: 3 | B14: 3 Low | C14: 6 Medium | D14: 9 Medium | E14: 12 High | F14: 15 High
A15: 2 | B15: 2 Low | C15: 4 Low | D15: 6 Medium | E15: 8 Medium | F15: 10 Medium
A16: 1 | B16: 1 Low | C16: 2 Low | D16: 3 Low | E16: 4 Low | F16: 5 Medium
A17: Impact ↓ / Likelihood → | B17: 1 | C17: 2 | D17: 3 | E17: 4 | F17: 5

Sheet Methodology
A1: BANK ALFAQ DIGITAL — APPROVED RISK SCORING & TREATMENT RULES
A3: Likelihood Score | B3: Descriptor | C3: Guidance | E3: Impact Score | F3: Descriptor
A4: 1 | B4: Remote / Rare | C4: Improbable under normal conditions; exceptional circumstances. | E4: 1 | F4: Insignificant
A5: 2 | B5: Unlikely | C5: Low chance; may occur in exceptional circumstances. | E5: 2 | F5: Minor
A6: 3 | B6: Possible | C6: Realistic possibility in the current environment. | E6: 3 | F6: Moderate
A7: 4 | B7: Probable / Likely | C7: More likely to occur; material exposure or prior occurrence. | E7: 4 | F7: Major
A8: 5 | B8: Highly Probable / Almost Certain | C8: Strong evidence, active threat or frequent occurrence. | E8: 5 | F8: Catastrophic
A10: Risk Level | B10: Score Range | C10: Treatment / Acceptance Requirement
A11: Low | B11: 1–4 | C11: May be accepted with documented rationale and monitoring.
A12: Medium | B12: 5–10 | C12: Requires a documented treatment plan, named owner, target date and management approval where accepted.
A13: High | B13: 11–15 | C13: Requires formal treatment and governance oversight; residual acceptance requires senior management approval and justification.
A14: Critical | B14: 16–25 | C14: Outside normal appetite; immediate escalation and treatment required; executive approval for any temporary acceptance.
A15: Risk Acceptance Criteria (Bank Alafaq Digital) | B15: A risk may be recommended for acceptance when the score is 4 or less, when known changes mean the risk will exist for three months or less, or when agreed direct/indirect benefits outweigh the impact. Reasons must be documented.
A16: Treatment Option | B16: Meaning
A17: Accept | B17: Retain the risk with documented approval where permitted by appetite.
A18: Avoid | B18: Stop/change the activity causing the risk.
A19: Mitigate | B19: Reduce likelihood and/or impact using controls.
A20: Transfer | B20: Shift/share financial or operational exposure through contract, insurance or supplier arrangements.
A22: Key Rule | B22: Value
A23: Current Risk Score | B23: Likelihood × Impact
A24: Residual Risk | B24: Projected until treatment implementation is evidenced and validated.
A25: Review Trigger | B25: At least annually and upon significant change, incident, control failure or missed treatment due date.

Sheet Sources
A1: BANK ALFAQ DIGITAL — SOURCE & TRACEABILITY REGISTER
A3: Bank Alafaq Digital Case Study / Risk Assessment Package | B3: Context, assets, threats, vulnerabilities, existing controls and assessment basis | C3: Primary source | D3: Supplied Bank Alafaq Digital package.
A4: Bank Alafaq Digital Information Asset Inventory | B4: Asset names, owners, classification and scope cross-linking | C4: Supporting register | D4: Customer information is the populated asset in the supplied inventory; remaining asset references are mapped to the stated assessment scope.
A5: REQUIRED-ISMS-FORM-06-1 Asset-Based Risk Tool | B5: 5×5 risk assessment structure, treatment fields and control references | C5: Primary template | D5: Supplied CertiKit-based asset risk workbook.
A6: REQUIRED1-ISMS-FORM-06-2 Statement of Applicability | B6: Annex A control applicability and implementation context | C6: Supporting ISMS record | D6: Supplied Bank Alafaq Digital SoA workbook.
A7: ISO/IEC 27001:2022 | B7: Clauses 6.1.2, 6.1.3 and 8.2/8.3 | C7: Standard reference | D7: Risk assessment and treatment framework.
A8: Information Asset Inventory – Final | B8: Asset reference cross-linking | C8: Supporting register | D8: Primary asset references are shown in the Risk Assessment sheet.
